timestamp,project_name,run_id,duration,emissions,emissions_rate,cpu_power,gpu_power,ram_power,cpu_energy,gpu_energy,ram_energy,energy_consumed,country_name,country_iso_code,region,cloud_provider,cloud_region,os,python_version,codecarbon_version,cpu_count,cpu_model,gpu_count,gpu_model,longitude,latitude,ram_total_size,tracking_mode,on_cloud,pue
2023-12-29T11:42:49,Train_B_Emission,d226c294-2b98-4803-bd65-588f3d11e0c7,6.301577806472778,1.329564751503573e-05,2.1098918276274977e-06,17.5,0.0008539518593435,5.22689151763916,3.058083802461624e-05,-1.388889999999998e-09,8.434287947127358e-06,3.90137370817436e-05,Italy,ITA,,,,Windows-10-10.0.22621-SP0,3.9.13,2.3.2,8,AMD Ryzen 7 3750H with Radeon Vega Mobile Gfx,1,1 x NVIDIA GeForce GTX 1650,12.1097,43.1479,13.938377380371094,machine,N,1.0
2023-12-29T11:44:13,Train_B_Emission,6fe610bb-9053-4329-898d-da752faed54b,3.952394485473633,9.090734355830564e-06,2.3000574434667496e-06,17.5,1.6502619740696156,5.22689151763916,1.918372627761629e-05,1.806945889999999e-06,5.684487476715957e-06,2.6675159644332247e-05,Italy,ITA,,,,Windows-10-10.0.22621-SP0,3.9.13,2.3.2,8,AMD Ryzen 7 3750H with Radeon Vega Mobile Gfx,1,1 x NVIDIA GeForce GTX 1650,12.1097,43.1479,13.938377380371094,machine,N,1.0
2023-12-29T11:46:41,Train_B_Emission,9a393e50-d7c1-4abb-b014-2977a6ebb3ad,4.164397954940796,9.566430711886727e-06,2.297194171977911e-06,17.5,1.610306540440531,5.22689151763916,2.021673255496555e-05,1.8580570420000007e-06,5.996217263151493e-06,2.8071006860117044e-05,Italy,ITA,,,,Windows-10-10.0.22621-SP0,3.9.13,2.3.2,8,AMD Ryzen 7 3750H with Radeon Vega Mobile Gfx,1,1 x NVIDIA GeForce GTX 1650,12.1097,43.1479,13.938377380371094,machine,N,1.0
2023-12-29T11:48:32,Train_B_Emission,503c1e62-9312-4fc2-85ba-48fd83e81bef,3.913240909576416,9.082169146708523e-06,2.3208816826183115e-06,17.5,1.867489031288348,5.22689151763916,1.8995486034287348e-05,2.0250016199999937e-06,5.629538891686252e-06,2.66500265459736e-05,Italy,ITA,,,,Windows-10-10.0.22621-SP0,3.9.13,2.3.2,8,AMD Ryzen 7 3750H with Radeon Vega Mobile Gfx,1,1 x NVIDIA GeForce GTX 1650,12.1097,43.1479,13.938377380371094,machine,N,1.0
2023-12-29T11:51:07,Train_B_Emission,02662c18-333f-4cba-a1b9-6d6f9e317b5a,4.867213487625122,1.0253333574901362e-05,2.1066126647147155e-06,17.5,0.000448146148132,5.22689151763916,2.3642541799280386e-05,-5.555560000000059e-10,6.444616146730482e-06,3.0086602390010865e-05,Italy,ITA,,,,Windows-10-10.0.22621-SP0,3.9.13,2.3.2,8,AMD Ryzen 7 3750H with Radeon Vega Mobile Gfx,1,1 x NVIDIA GeForce GTX 1650,12.1097,43.1479,13.938377380371094,machine,N,1.0
2023-12-29T11:58:03,Train_B_Emission,8e5667c0-025b-4416-b5f1-0f1f1ccebe51,4.463097095489502,1.0366735351285655e-05,2.322767156861206e-06,17.5,1.8778303660697444,5.22689151763916,2.1663823558224576e-05,2.323057414000001e-06,6.432478967462316e-06,3.0419359939686893e-05,Italy,ITA,,,,Windows-10-10.0.22621-SP0,3.9.13,2.3.2,8,AMD Ryzen 7 3750H with Radeon Vega Mobile Gfx,1,1 x NVIDIA GeForce GTX 1650,12.1097,43.1479,13.938377380371094,machine,N,1.0
2023-12-29T12:22:52,Train_B_Emission,e0e52f3c-8050-4b48-8278-7c83b347a474,4.392691135406494,9.222962389899822e-06,2.099615498927252e-06,17.5,0.0017572518427618,5.22689151763916,2.13164821267128e-05,-1.944445999999997e-09,5.748621852318365e-06,2.706315953303117e-05,Italy,ITA,,,,Windows-10-10.0.22621-SP0,3.9.13,2.3.2,8,AMD Ryzen 7 3750H with Radeon Vega Mobile Gfx,1,1 x NVIDIA GeForce GTX 1650,12.1097,43.1479,13.938377380371094,machine,N,1.0
2023-12-29T12:36:51,Train_B_Emission,a91f62b6-f2c0-428c-add6-7d332def9486,3.616407871246338,8.463199178716079e-06,2.340222530209064e-06,17.5,2.0798565046812234,5.22689151763916,1.7540954384538865e-05,2.084723889999988e-06,5.208089863151598e-06,2.483376813769045e-05,Italy,ITA,,,,Windows-10-10.0.22621-SP0,3.9.13,2.3.2,8,AMD Ryzen 7 3750H with Radeon Vega Mobile Gfx,1,1 x NVIDIA GeForce GTX 1650,12.1097,43.1479,13.938377380371094,machine,N,1.0
2023-12-29T12:46:28,Train_B_Emission,08ae26ab-a526-4d79-a43f-254cff15fa8c,3.7231295108795166,8.572349398598734e-06,2.3024580191339314e-06,17.5,1.6820261729072363,5.22689151763916,1.805983053313361e-05,1.735834721999999e-06,5.358384988118133e-06,2.5154050243251745e-05,Italy,ITA,,,,Windows-10-10.0.22621-SP0,3.9.13,2.3.2,8,AMD Ryzen 7 3750H with Radeon Vega Mobile Gfx,1,1 x NVIDIA GeForce GTX 1650,12.1097,43.1479,13.938377380371094,machine,N,1.0
2023-12-29T12:53:57,Train_B_Emission,4c2e84d3-10c4-45e7-84e5-eee111beecf0,3.288626909255981,7.755764455103667e-06,2.358359482273509e-06,17.5,2.268166447481132,5.22689151763916,1.5966970225175225e-05,2.066946098000001e-06,4.724009154103328e-06,2.2757925477278552e-05,Italy,ITA,,,,Windows-10-10.0.22621-SP0,3.9.13,2.3.2,8,AMD Ryzen 7 3750H with Radeon Vega Mobile Gfx,1,1 x NVIDIA GeForce GTX 1650,12.1097,43.1479,13.938377380371094,machine,N,1.0
2023-12-29T12:57:50,Train_B_Emission,f7941763-7562-4e66-be38-84c8b53da515,4.479081630706787,9.38982990226857e-06,2.096373916897531e-06,17.5,0.0009917760867636,5.22689151763916,2.173416664203008e-05,-1.111112000000005e-09,5.81974734287428e-06,2.7552802872904363e-05,Italy,ITA,,,,Windows-10-10.0.22621-SP0,3.9.13,2.3.2,8,AMD Ryzen 7 3750H with Radeon Vega Mobile Gfx,1,1 x NVIDIA GeForce GTX 1650,12.1097,43.1479,13.938377380371094,machine,N,1.0
2023-12-29T13:04:32,Train_B_Emission,74724c1e-3cab-4c02-95bc-799a74b7c549,3.669469356536865,8.619054795508703e-06,2.348855912954975e-06,17.5,2.1300099533128347,5.22689151763916,1.7837698260943097e-05,2.171112847999991e-06,5.282287899574385e-06,2.5291099008517475e-05,Italy,ITA,,,,Windows-10-10.0.22621-SP0,3.9.13,2.3.2,8,AMD Ryzen 7 3750H with Radeon Vega Mobile Gfx,1,1 x NVIDIA GeForce GTX 1650,12.1097,43.1479,13.938377380371094,machine,N,1.0
2023-12-29T13:13:43,Train_B_Emission,832f3aac-7586-4e60-a330-a60c8eecc5f1,3.5626988410949707,8.343897870371512e-06,2.342016050901196e-06,17.5,2.0710475414539187,5.22689151763916,1.7304112348291612e-05,2.0461127480000032e-06,5.133474353732481e-06,2.4483699450024097e-05,Italy,ITA,,,,Windows-10-10.0.22621-SP0,3.9.13,2.3.2,8,AMD Ryzen 7 3750H with Radeon Vega Mobile Gfx,1,1 x NVIDIA GeForce GTX 1650,12.1097,43.1479,13.938377380371094,machine,N,1.0
2023-12-30T11:09:48,Train_B_Emission,bb24dbed-c790-409c-95c7-7c047ac0a0b7,7.326176643371582,1.5378617903944534e-05,2.0991328291078628e-06,17.5,0.0002933170882337,5.22689151763916,3.528505580292808e-05,-5.55555999999999e-10,9.84134675725784e-06,4.512584700418592e-05,Italy,ITA,,,,Windows-10-10.0.22621-SP0,3.9.13,2.3.2,8,AMD Ryzen 7 3750H with Radeon Vega Mobile Gfx,1,1 x NVIDIA GeForce GTX 1650,12.1097,43.1479,13.938377380371094,machine,N,1.0
2023-12-30T11:40:57,Train_B_Emission,73eb04fd-aff3-4b83-afe0-b691c6487928,3.8478291034698486,8.810197883380645e-06,2.2896541521129124e-06,17.5,1.519820211950229,5.22689151763916,1.868741893106037e-05,1.6208346300000005e-06,5.543721190198881e-06,2.585197475125925e-05,Italy,ITA,,,,Windows-10-10.0.22621-SP0,3.9.13,2.3.2,8,AMD Ryzen 7 3750H with Radeon Vega Mobile Gfx,1,1 x NVIDIA GeForce GTX 1650,12.1097,43.1479,13.938377380371094,machine,N,1.0
2023-12-30T11:59:03,Train_B_Emission,b87e90bf-791b-44e3-ad94-74e54e6c62d7,3.3643643856048584,7.69737247408982e-06,2.287912839353742e-06,17.5,1.5026284677565365,5.22689151763916,1.6340067651536733e-05,1.4019455659999996e-06,4.844571270716642e-06,2.2586584488253373e-05,Italy,ITA,,,,Windows-10-10.0.22621-SP0,3.9.13,2.3.2,8,AMD Ryzen 7 3750H with Radeon Vega Mobile Gfx,1,1 x NVIDIA GeForce GTX 1650,12.1097,43.1479,13.938377380371094,machine,N,1.0
2023-12-30T12:15:22,Train_B_Emission,63d2e0bf-0e3e-4d74-83f7-da3b412aa668,4.415650129318237,9.272259152605864e-06,2.099862733924862e-06,17.5,0.0007495275330115,5.22689151763916,2.142636726299922e-05,-8.333340000000055e-10,5.782278276045076e-06,2.720781220504429e-05,Italy,ITA,,,,Windows-10-10.0.22621-SP0,3.9.13,2.3.2,8,AMD Ryzen 7 3750H with Radeon Vega Mobile Gfx,1,1 x NVIDIA GeForce GTX 1650,12.1097,43.1479,13.938377380371094,machine,N,1.0
2023-12-30T12:19:45,Train_B_Emission,11e3fabd-db0d-44cb-82a9-968015a984be,3.868459939956665,8.88071408500633e-06,2.2956717202313368e-06,17.5,1.6126051275958124,5.22689151763916,1.876331816116969e-05,1.727223603999993e-06,5.568350366165759e-06,2.605889213133544e-05,Italy,ITA,,,,Windows-10-10.0.22621-SP0,3.9.13,2.3.2,8,AMD Ryzen 7 3750H with Radeon Vega Mobile Gfx,1,1 x NVIDIA GeForce GTX 1650,12.1097,43.1479,13.938377380371094,machine,N,1.0
2023-12-30T12:28:15,Train_B_Emission,3f332d80-13a0-47ba-a03f-f7a568f025b6,3.9987852573394775,9.262710928409668e-06,2.3163811838629343e-06,17.5,1.8052112386470915,5.22689151763916,1.941906975375281e-05,2.001668268000002e-06,5.759056600246594e-06,2.717979462199941e-05,Italy,ITA,,,,Windows-10-10.0.22621-SP0,3.9.13,2.3.2,8,AMD Ryzen 7 3750H with Radeon Vega Mobile Gfx,1,1 x NVIDIA GeForce GTX 1650,12.1097,43.1479,13.938377380371094,machine,N,1.0
2023-12-30T12:31:44,Train_B_Emission,bb349d91-70c2-4042-9f9a-bd7cd770e84c,4.467773199081421,9.396868247070995e-06,2.1032554313641086e-06,17.5,0.0019699844120991,5.22689151763916,2.1708679530355667e-05,2.222223999999997e-09,5.862553902348963e-06,2.757345565670463e-05,Italy,ITA,,,,Windows-10-10.0.22621-SP0,3.9.13,2.3.2,8,AMD Ryzen 7 3750H with Radeon Vega Mobile Gfx,1,1 x NVIDIA GeForce GTX 1650,12.1097,43.1479,13.938377380371094,machine,N,1.0
2023-12-30T12:38:11,Train_B_Emission,fe3892b5-e33a-4809-9764-6640e139227d,4.593521118164063,1.0445259322855404e-05,2.2739112445901114e-06,17.5,1.356850065116025,5.22689151763916,2.2303514016999144e-05,1.7277791600000004e-06,6.6184815339858e-06,3.064977471098494e-05,Italy,ITA,,,,Windows-10-10.0.22621-SP0,3.9.13,2.3.2,8,AMD Ryzen 7 3750H with Radeon Vega Mobile Gfx,1,1 x NVIDIA GeForce GTX 1650,12.1097,43.1479,13.938377380371094,machine,N,1.0
2023-12-30T12:45:19,Train_B_Emission,5451098b-60ed-4f04-b6e0-0e7c4bdaf3f7,3.207199811935425,7.4277844299579456e-06,2.315971833845786e-06,17.5,1.790959953077653,5.22689151763916,1.558086673418681e-05,1.59305683e-06,4.621602266543618e-06,2.179552583073043e-05,Italy,ITA,,,,Windows-10-10.0.22621-SP0,3.9.13,2.3.2,8,AMD Ryzen 7 3750H with Radeon Vega Mobile Gfx,1,1 x NVIDIA GeForce GTX 1650,12.1097,43.1479,13.938377380371094,machine,N,1.0
2023-12-30T13:14:45,Train_B_Emission,2bf6c43c-105b-4863-9b38-1f0d0af7cb2d,4.009342670440674,9.372543096085823e-06,2.337675740511267e-06,17.5,2.0208155589902965,5.22689151763916,1.947523852189382e-05,2.2472240200000133e-06,5.779615241417559e-06,2.75020777833114e-05,Italy,ITA,,,,Windows-10-10.0.22621-SP0,3.9.13,2.3.2,8,AMD Ryzen 7 3750H with Radeon Vega Mobile Gfx,1,1 x NVIDIA GeForce GTX 1650,12.1097,43.1479,13.938377380371094,machine,N,1.0
2023-12-30T13:18:00,Train_B_Emission,8c390b7d-6dec-4107-af38-9951831fc066,4.444607973098755,9.345796141171372e-06,2.102726764145981e-06,17.5,0.0007422976958619,5.22689151763916,2.1580422255727983e-05,8.33333999999992e-10,5.842337962891406e-06,2.742359355261939e-05,Italy,ITA,,,,Windows-10-10.0.22621-SP0,3.9.13,2.3.2,8,AMD Ryzen 7 3750H with Radeon Vega Mobile Gfx,1,1 x NVIDIA GeForce GTX 1650,12.1097,43.1479,13.938377380371094,machine,N,1.0
2023-12-30T13:23:16,Train_B_Emission,df110fdc-9d6f-42a0-beef-2ce9bed075b8,4.811915397644043,1.0133088585788728e-05,2.1058326567316583e-06,17.5,0.0009076579008991,5.22689151763916,2.336590737104416e-05,-1.111112000000005e-09,6.368968378210979e-06,2.973376463725514e-05,Italy,ITA,,,,Windows-10-10.0.22621-SP0,3.9.13,2.3.2,8,AMD Ryzen 7 3750H with Radeon Vega Mobile Gfx,1,1 x NVIDIA GeForce GTX 1650,12.1097,43.1479,13.938377380371094,machine,N,1.0
2023-12-30T13:29:35,Train_B_Emission,3b1ba5cd-53f9-4891-ad74-9ed8817a4042,4.200595617294312,9.692695744925886e-06,2.307457472226081e-06,17.5,1.6960470198774609,5.22689151763916,2.040491369035509e-05,1.97639047e-06,6.060205211658171e-06,2.844150937201326e-05,Italy,ITA,,,,Windows-10-10.0.22621-SP0,3.9.13,2.3.2,8,AMD Ryzen 7 3750H with Radeon Vega Mobile Gfx,1,1 x NVIDIA GeForce GTX 1650,12.1097,43.1479,13.938377380371094,machine,N,1.0
2023-12-30T13:36:44,Train_B_Emission,a4bbc4a3-e690-4529-a5f1-b752ad0ace56,4.266915082931519,9.84774713356946e-06,2.3079313607534267e-06,17.5,1.7135853217009285,5.22689151763916,2.071750892533197e-05,2.0269460659999924e-06,6.152025385580373e-06,2.889648037691233e-05,Italy,ITA,,,,Windows-10-10.0.22621-SP0,3.9.13,2.3.2,8,AMD Ryzen 7 3750H with Radeon Vega Mobile Gfx,1,1 x NVIDIA GeForce GTX 1650,12.1097,43.1479,13.938377380371094,machine,N,1.0
2023-12-30T16:16:30,Train_B_Emission,,3.686931610107422,8.48941917598427e-06,2.30257028709489e-06,17.5,1.6782308736615508,5.22689151763916,1.789323886235555e-05,1.713334704000005e-06,5.304132537578993e-06,2.491070610393455e-05,Italy,ITA,,,,Windows-10-10.0.22621-SP0,3.9.13,2.3.2,8,AMD Ryzen 7 3750H with Radeon Vega Mobile Gfx,1,1 x NVIDIA GeForce GTX 1650,12.1097,43.1479,13.938377380371094,machine,N,1.0
2024-01-01T11:37:19,Train_B_Emission,,4.227060556411743,8.884153654059165e-06,2.101733234122561e-06,17.5,0.000785619758202,5.22689151763916,2.054821103811264e-05,-8.333339999999989e-10,5.521607237110402e-06,2.6068984941223045e-05,Italy,ITA,,,,Windows-10-10.0.22621-SP0,3.9.13,2.3.2,8,AMD Ryzen 7 3750H with Radeon Vega Mobile Gfx,1,1 x NVIDIA GeForce GTX 1650,12.1097,43.1479,13.938377380371094,machine,N,1.0
2024-01-01T11:57:24,Train_B_Emission,16cbb158-568e-422e-a0d8-fde1163be843,3.363852500915528,7.826892198160423e-06,2.3267643857839207e-06,17.5,1.990905876511189,5.22689151763916,1.6276104748249057e-05,1.8516681480000407e-06,4.8388644217800445e-06,2.2966637318029144e-05,Italy,ITA,,,,Windows-10-10.0.22621-SP0,3.9.13,2.3.2,8,AMD Ryzen 7 3750H with Radeon Vega Mobile Gfx,1,1 x NVIDIA GeForce GTX 1650,12.1097,43.1479,13.938377380371094,machine,N,1.0
2024-01-01T12:00:16,Train_B_Emission,743e51a1-511a-439b-9c47-09c919b90be3,3.6935224533081055,8.593342256488567e-06,2.3265980822160526e-06,17.5,1.87246879374067,5.22689151763916,1.7954623036914403e-05,1.921112647999975e-06,5.339914404255524e-06,2.5215650089169902e-05,Italy,ITA,,,,Windows-10-10.0.22621-SP0,3.9.13,2.3.2,8,AMD Ryzen 7 3750H with Radeon Vega Mobile Gfx,1,1 x NVIDIA GeForce GTX 1650,12.1097,43.1479,13.938377380371094,machine,N,1.0
2024-01-01T12:04:09,Train_B_Emission,e3458beb-9bfe-49b6-b987-1b86f33973c8,3.296463966369629,7.726879781003634e-06,2.3439903665967228e-06,17.5,2.130989265030822,5.22689151763916,1.5989262031184303e-05,1.942501553999995e-06,4.741404900773886e-06,2.2673168485958185e-05,Italy,ITA,,,,Windows-10-10.0.22621-SP0,3.9.13,2.3.2,8,AMD Ryzen 7 3750H with Radeon Vega Mobile Gfx,1,1 x NVIDIA GeForce GTX 1650,12.1097,43.1479,13.938377380371094,machine,N,1.0
2024-01-01T12:06:29,Train_B_Emission,5bd716bf-bed2-4f74-b03d-242daa390392,3.392189741134644,7.95430831996095e-06,2.344888973486588e-06,17.5,2.1622187070372934,5.22689151763916,1.6449651453230117e-05,2.023057173999995e-06,4.86780887002908e-06,2.33405174972592e-05,Italy,ITA,,,,Windows-10-10.0.22621-SP0,3.9.13,2.3.2,8,AMD Ryzen 7 3750H with Radeon Vega Mobile Gfx,1,1 x NVIDIA GeForce GTX 1650,12.1097,43.1479,13.938377380371094,machine,N,1.0
2024-01-01T12:17:52,Train_B_Emission,,3.5761847496032715,8.263548438705415e-06,2.310716312858876e-06,17.5,1.7356856301718042,5.22689151763916,1.7384231421682573e-05,1.716668039999968e-06,5.147028725742756e-06,2.4247928187425296e-05,Italy,ITA,,,,Windows-10-10.0.22621-SP0,3.9.13,2.3.2,8,AMD Ryzen 7 3750H with Radeon Vega Mobile Gfx,1,1 x NVIDIA GeForce GTX 1650,12.1097,43.1479,13.938377380371094,machine,N,1.0
2024-01-01T12:39:01,Train_B_Emission,74012da1-e897-48f1-bef5-b50d8bd12d1d,3.92256760597229,9.126102069016688e-06,2.326563359958864e-06,17.5,1.921014287119424,5.22689151763916,1.905011336008708e-05,2.086668336e-06,5.642158276496615e-06,2.6778939972583696e-05,Italy,ITA,,,,Windows-10-10.0.22621-SP0,3.9.13,2.3.2,8,AMD Ryzen 7 3750H with Radeon Vega Mobile Gfx,1,1 x NVIDIA GeForce GTX 1650,12.1097,43.1479,13.938377380371094,machine,N,1.0
2024-01-01T12:44:03,Train_B_Emission,2d080c88-199a-4034-baf9-0e176fc8e915,3.277884006500244,7.657893450145058e-06,2.3362307619668625e-06,17.5,2.01413285633558,5.22689151763916,1.5934158364931744e-05,1.831668131999965e-06,4.704913745399608e-06,2.247074024233132e-05,Italy,ITA,,,,Windows-10-10.0.22621-SP0,3.9.13,2.3.2,8,AMD Ryzen 7 3750H with Radeon Vega Mobile Gfx,1,1 x NVIDIA GeForce GTX 1650,12.1097,43.1479,13.938377380371094,machine,N,1.0
2024-01-01T13:14:13,Train_B_Emission,c0856150-f11d-42f3-b9c5-e089e6bf1e52,3.281877040863037,7.527862644214996e-06,2.2937674234850035e-06,17.5,1.6181330365177689,5.22689151763916,1.590711706214481e-05,1.4641678380000069e-06,4.717902832664435e-06,2.2089187732809253e-05,Italy,ITA,,,,Windows-10-10.0.22621-SP0,3.9.13,2.3.2,8,AMD Ryzen 7 3750H with Radeon Vega Mobile Gfx,1,1 x NVIDIA GeForce GTX 1650,12.1097,43.1479,13.938377380371094,machine,N,1.0
2024-01-01T13:17:18,Train_B_Emission,d85fac36-a2b3-4065-a5b1-bc446b83ffdb,3.196685314178467,7.334235318855406e-06,2.294325089280885e-06,17.5,1.6106091696854612,5.22689151763916,1.5510112212763894e-05,1.4213900260000073e-06,4.589520193718499e-06,2.15210224324824e-05,Italy,ITA,,,,Windows-10-10.0.22621-SP0,3.9.13,2.3.2,8,AMD Ryzen 7 3750H with Radeon Vega Mobile Gfx,1,1 x NVIDIA GeForce GTX 1650,12.1097,43.1479,13.938377380371094,machine,N,1.0
2024-01-01T13:19:05,Train_B_Emission,433ecd82-a373-47d7-a8d6-e20e1bf30a24,3.2701244354248047,7.524210177540392e-06,2.300894148256765e-06,17.5,1.6598405657586626,5.22689151763916,1.587939312060674e-05,1.499723422000005e-06,4.699353669722086e-06,2.2078470212328832e-05,Italy,ITA,,,,Windows-10-10.0.22621-SP0,3.9.13,2.3.2,8,AMD Ryzen 7 3750H with Radeon Vega Mobile Gfx,1,1 x NVIDIA GeForce GTX 1650,12.1097,43.1479,13.938377380371094,machine,N,1.0
2024-01-01T13:21:13,Train_B_Emission,f5ef58b1-1551-4652-86a4-173d031af440,3.2905569076538086,7.600922067610046e-06,2.3099196521811742e-06,17.5,1.7319451618839956,5.22689151763916,1.599576274553935e-05,1.5755568160000168e-06,4.732248187922323e-06,2.2303567749461688e-05,Italy,ITA,,,,Windows-10-10.0.22621-SP0,3.9.13,2.3.2,8,AMD Ryzen 7 3750H with Radeon Vega Mobile Gfx,1,1 x NVIDIA GeForce GTX 1650,12.1097,43.1479,13.938377380371094,machine,N,1.0
2024-01-01T13:25:54,Train_B_Emission,09986d74-edb1-4d97-9c62-172eed2e3f16,3.153294086456299,7.2809661117689634e-06,2.309003192262153e-06,17.5,1.7262846424396672,5.22689151763916,1.5328512920273677e-05,1.5116678759999945e-06,4.524532525466042e-06,2.136471332173972e-05,Italy,ITA,,,,Windows-10-10.0.22621-SP0,3.9.13,2.3.2,8,AMD Ryzen 7 3750H with Radeon Vega Mobile Gfx,1,1 x NVIDIA GeForce GTX 1650,12.1097,43.1479,13.938377380371094,machine,N,1.0
2024-01-01T13:31:42,Train_B_Emission,dffa2bcc-6fbd-430a-a4ef-cc6284340220,3.4875051975250244,8.124744621620352e-06,2.3296724051870186e-06,17.5,1.9597236598155312,5.22689151763916,1.693846252229479e-05,1.8883348440000133e-06,5.013835454765285e-06,2.384063282106009e-05,Italy,ITA,,,,Windows-10-10.0.22621-SP0,3.9.13,2.3.2,8,AMD Ryzen 7 3750H with Radeon Vega Mobile Gfx,1,1 x NVIDIA GeForce GTX 1650,12.1097,43.1479,13.938377380371094,machine,N,1.0
2024-01-01T13:37:43,Train_B_Emission,a8638b8c-c04d-4229-bf5d-45b45660c960,3.809011936187744,8.666193093765132e-06,2.275181395844799e-06,17.5,1.3742546824034931,5.22689151763916,1.8497167858812542e-05,1.4466678240000002e-06,5.485582363764365e-06,2.5429418046576912e-05,Italy,ITA,,,,Windows-10-10.0.22621-SP0,3.9.13,2.3.2,8,AMD Ryzen 7 3750H with Radeon Vega Mobile Gfx,1,1 x NVIDIA GeForce GTX 1650,12.1097,43.1479,13.938377380371094,machine,N,1.0
2024-01-01T13:39:22,Train_B_Emission,82d6297b-2233-4a96-bf6f-60efed92b44f,4.05220890045166,8.508990022719389e-06,2.0998399223127355e-06,17.5,0.0,5.22689151763916,1.9698237710528904e-05,0.0,5.269895597919571e-06,2.496813330844848e-05,Italy,ITA,,,,Windows-10-10.0.22621-SP0,3.9.13,2.3.2,8,AMD Ryzen 7 3750H with Radeon Vega Mobile Gfx,1,1 x NVIDIA GeForce GTX 1650,12.1097,43.1479,13.938377380371094,machine,N,1.0
2024-01-01T14:34:58,Train_B_Emission,,3.236833095550537,7.467471779405448e-06,2.3070302233595216e-06,17.5,1.7266561024430436,5.22689151763916,1.5714994238482582e-05,1.5422234560000074e-06,4.6547636766842966e-06,2.1911981371166887e-05,Italy,ITA,,,,Windows-10-10.0.22621-SP0,3.9.13,2.3.2,8,AMD Ryzen 7 3750H with Radeon Vega Mobile Gfx,1,1 x NVIDIA GeForce GTX 1650,12.1097,43.1479,13.938377380371094,machine,N,1.0
2024-01-01T15:06:30,Train_B_Emission,,3.3054049015045166,7.618443294401489e-06,2.304844193500715e-06,17.5,1.726259748608168,5.22689151763916,1.6035562091403538e-05,1.5808345979999988e-06,4.738584015660194e-06,2.235498070506373e-05,Italy,ITA,,,,Windows-10-10.0.22621-SP0,3.9.13,2.3.2,8,AMD Ryzen 7 3750H with Radeon Vega Mobile Gfx,1,1 x NVIDIA GeForce GTX 1650,12.1097,43.1479,13.938377380371094,machine,N,1.0
2024-01-01T15:09:12,Train_B_Emission,dd8f6689-97e4-495d-9a3c-1d127901cf0f,3.1799886226654053,7.288210176411854e-06,2.291898192485676e-06,17.5,1.570942358967626,5.22689151763916,1.5440517829524148e-05,1.3844455519999974e-06,4.561006372672978e-06,2.1385969754197123e-05,Italy,ITA,,,,Windows-10-10.0.22621-SP0,3.9.13,2.3.2,8,AMD Ryzen 7 3750H with Radeon Vega Mobile Gfx,1,1 x NVIDIA GeForce GTX 1650,12.1097,43.1479,13.938377380371094,machine,N,1.0
2024-01-01T15:14:33,Train_B_Emission,0a4e4e70-680c-429a-be41-232d198ce326,3.04798436164856,7.034269112753507e-06,2.3078429145708907e-06,17.5,1.7437656898167857,5.22689151763916,1.4800515605343711e-05,1.4666678399999992e-06,4.373640961052843e-06,2.0640824406396555e-05,Italy,ITA,,,,Windows-10-10.0.22621-SP0,3.9.13,2.3.2,8,AMD Ryzen 7 3750H with Radeon Vega Mobile Gfx,1,1 x NVIDIA GeForce GTX 1650,12.1097,43.1479,13.938377380371094,machine,N,1.0
2024-01-01T15:17:20,Train_B_Emission,78d0471e-7d26-43ca-972f-1e7c2a241b90,3.349018096923828,7.734998943466512e-06,2.3096318740622324e-06,17.5,1.739935951745652,5.22689151763916,1.62659775879648e-05,1.6119457340000058e-06,4.819069416952288e-06,2.269699273891709e-05,Italy,ITA,,,,Windows-10-10.0.22621-SP0,3.9.13,2.3.2,8,AMD Ryzen 7 3750H with Radeon Vega Mobile Gfx,1,1 x NVIDIA GeForce GTX 1650,12.1097,43.1479,13.938377380371094,machine,N,1.0
2024-01-01T15:19:37,Train_B_Emission,9da73872-50e3-4ce5-b7f3-bbb8e20ad0b7,3.1913578510284424,7.432136810061976e-06,2.3288321639226094e-06,17.5,1.911267758036126,5.22689151763916,1.551354510916604e-05,1.6930569099999997e-06,4.601695104791474e-06,2.180829712395752e-05,Italy,ITA,,,,Windows-10-10.0.22621-SP0,3.9.13,2.3.2,8,AMD Ryzen 7 3750H with Radeon Vega Mobile Gfx,1,1 x NVIDIA GeForce GTX 1650,12.1097,43.1479,13.938377380371094,machine,N,1.0
2024-01-01T15:42:16,Train_B_Emission,044cc23c-6566-4479-b9ca-925e3ff1c467,4.257232904434204,8.957997196245792e-06,2.104183021538572e-06,17.5,0.007232140216115,5.22689151763916,2.069488217433293e-05,-7.777783999999996e-09,5.598561426101014e-06,2.6285665816433952e-05,Italy,ITA,,,,Windows-10-10.0.22621-SP0,3.9.13,2.3.2,8,AMD Ryzen 7 3750H with Radeon Vega Mobile Gfx,1,1 x NVIDIA GeForce GTX 1650,12.1097,43.1479,13.938377380371094,machine,N,1.0
2024-01-01T15:50:16,Train_B_Emission,b2f15d4d-4a62-4344-90f7-1ae4d98c0f4a,3.415102243423462,7.874691771573111e-06,2.305843635205236e-06,17.5,1.6833528156302409,5.22689151763916,1.6593145827452343e-05,1.593890164000003e-06,4.919860760172127e-06,2.310689675162448e-05,Italy,ITA,,,,Windows-10-10.0.22621-SP0,3.9.13,2.3.2,8,AMD Ryzen 7 3750H with Radeon Vega Mobile Gfx,1,1 x NVIDIA GeForce GTX 1650,12.1097,43.1479,13.938377380371094,machine,N,1.0
2024-01-01T17:23:31,Train_B_Emission,92543dd8-1fe5-4f94-ac31-47d662c9fc59,3.393199920654297,7.73875511827001e-06,2.28066583143671e-06,17.5,1.431861863805177,5.22689151763916,1.6474300622940063e-05,1.3466677440000102e-06,4.887046205705018e-06,2.2708014572645093e-05,Italy,ITA,lombardy,,,Windows-10-10.0.22621-SP0,3.9.13,2.3.2,8,AMD Ryzen 7 3750H with Radeon Vega Mobile Gfx,1,1 x NVIDIA GeForce GTX 1650,9.1994,45.4742,13.938377380371094,machine,N,1.0
2024-01-01T17:57:45,Train_B_Emission,,3.385316133499145,7.685809700848601e-06,2.270337362231621e-06,17.5,1.3120100392734313,5.22689151763916,1.644182023074892e-05,1.2319454300000236e-06,4.878889904925926e-06,2.255265556567487e-05,Italy,ITA,lombardy,,,Windows-10-10.0.22621-SP0,3.9.13,2.3.2,8,AMD Ryzen 7 3750H with Radeon Vega Mobile Gfx,1,1 x NVIDIA GeForce GTX 1650,9.1994,45.4742,13.938377380371094,machine,N,1.0
2024-01-01T18:07:02,Train_B_Emission,d45cb2e1-4e4f-4f0f-85dd-2a007ad0b546,3.156548023223877,7.234892282683208e-06,2.2920266789712883e-06,17.5,1.57671060147923,5.22689151763916,1.532135738266839e-05,1.3744455439999729e-06,4.533714854405275e-06,2.1229517781073635e-05,Italy,ITA,lombardy,,,Windows-10-10.0.22621-SP0,3.9.13,2.3.2,8,AMD Ryzen 7 3750H with Radeon Vega Mobile Gfx,1,1 x NVIDIA GeForce GTX 1650,9.1994,45.4742,13.938377380371094,machine,N,1.0
2024-01-01T18:11:53,Train_B_Emission,f1001a5e-5507-47a3-9772-1c715ccccfb0,3.1739001274108887,7.249926528919787e-06,2.2842327224813845e-06,17.5,1.45941569061038,5.22689151763916,1.5416510734293195e-05,1.2844454719999963e-06,4.572676923749554e-06,2.1273633130042745e-05,Italy,ITA,lombardy,,,Windows-10-10.0.22621-SP0,3.9.13,2.3.2,8,AMD Ryzen 7 3750H with Radeon Vega Mobile Gfx,1,1 x NVIDIA GeForce GTX 1650,9.1994,45.4742,13.938377380371094,machine,N,1.0
2024-01-01T18:14:08,Train_B_Emission,f60c1f06-60d6-4bde-bcb7-935761c33e02,3.35621976852417,7.636998498227567e-06,2.2754762872950314e-06,17.5,1.3882273585141007,5.22689151763916,1.6295401751995088e-05,1.2902788100000264e-06,4.823747122258624e-06,2.2409427684253737e-05,Italy,ITA,lombardy,,,Windows-10-10.0.22621-SP0,3.9.13,2.3.2,8,AMD Ryzen 7 3750H with Radeon Vega Mobile Gfx,1,1 x NVIDIA GeForce GTX 1650,9.1994,45.4742,13.938377380371094,machine,N,1.0
2024-01-01T18:33:47,Train_B_Emission,d64594ed-3a34-4a5c-b956-4e1b1ff98bda,2.996310234069824,6.832390443126097e-06,2.2802680328084075e-06,17.5,1.3987214358332485,5.22689151763916,1.4565396971172758e-05,1.1641675980000002e-06,4.318882419700571e-06,2.004844698887333e-05,Italy,ITA,lombardy,,,Windows-10-10.0.22621-SP0,3.9.13,2.3.2,8,AMD Ryzen 7 3750H with Radeon Vega Mobile Gfx,1,1 x NVIDIA GeForce GTX 1650,9.1994,45.4742,13.938377380371094,machine,N,1.0
2024-01-01T19:00:55,Train_B_Emission,,3.216061592102051,7.344203162885802e-06,2.2836015270732287e-06,17.5,1.4738320374374263,5.22689151763916,1.561334596739875e-05,1.310834382000015e-06,4.626090966662559e-06,2.155027131606132e-05,Italy,ITA,lombardy,,,Windows-10-10.0.22621-SP0,3.9.13,2.3.2,8,AMD Ryzen 7 3750H with Radeon Vega Mobile Gfx,1,1 x NVIDIA GeForce GTX 1650,9.1994,45.4742,13.938377380371094,machine,N,1.0
2024-01-02T12:00:06,Train_B_Emission,af237b90-8754-40ce-b712-fa7ebad7f51b,3.805419206619263,8.871753090847064e-06,2.331347115559638e-06,17.5,1.97135485163177,5.22689151763916,1.8474159803655416e-05,2.079446107999999e-06,5.478991759803193e-06,2.6032597671458607e-05,Italy,ITA,,,,Windows-10-10.0.22621-SP0,3.9.13,2.3.2,8,AMD Ryzen 7 3750H with Radeon Vega Mobile Gfx,1,1 x NVIDIA GeForce GTX 1650,12.1097,43.1479,13.938377380371094,machine,N,1.0
2024-01-02T12:06:33,Train_B_Emission,1d4dfa95-2412-4e76-8003-e4780e04fb11,3.8130695819854736,8.882385303924877e-06,2.329457963706972e-06,17.5,1.946641321095664,5.22689151763916,1.8513477014170755e-05,2.0572238680000086e-06,5.493095146881614e-06,2.606379602905237e-05,Italy,ITA,,,,Windows-10-10.0.22621-SP0,3.9.13,2.3.2,8,AMD Ryzen 7 3750H with Radeon Vega Mobile Gfx,1,1 x NVIDIA GeForce GTX 1650,12.1097,43.1479,13.938377380371094,machine,N,1.0
2024-01-02T12:12:55,Train_B_Emission,87dcdb81-dff3-45e9-8372-3e33320c9b8b,3.5519070625305176,8.208917200814615e-06,2.311129502067056e-06,17.5,1.755782970836964,5.22689151763916,1.724657366673152e-05,1.7286124940000115e-06,5.112436276326093e-06,2.4087622437057623e-05,Italy,ITA,,,,Windows-10-10.0.22621-SP0,3.9.13,2.3.2,8,AMD Ryzen 7 3750H with Radeon Vega Mobile Gfx,1,1 x NVIDIA GeForce GTX 1650,12.1097,43.1479,13.938377380371094,machine,N,1.0
2024-01-02T12:16:23,Train_B_Emission,d5d9f907-0795-4e6b-9b47-78a3faf9083b,4.045953750610352,9.349454247428256e-06,2.3108158974921163e-06,17.5,1.7606936673530316,5.22689151763916,1.9630958967738684e-05,1.973612690000029e-06,5.829755963722505e-06,2.743432762146122e-05,Italy,ITA,,,,Windows-10-10.0.22621-SP0,3.9.13,2.3.2,8,AMD Ryzen 7 3750H with Radeon Vega Mobile Gfx,1,1 x NVIDIA GeForce GTX 1650,12.1097,43.1479,13.938377380371094,machine,N,1.0
2024-01-02T12:21:45,Train_B_Emission,39dcd947-f8f7-4a7e-bdb9-b90972cadb14,3.757899761199951,8.724279067954543e-06,2.321583762832661e-06,17.5,1.8654601887222733,5.22689151763916,1.824742638402515e-05,1.9430571100000023e-06,5.409377618419739e-06,2.559986111244489e-05,Italy,ITA,,,,Windows-10-10.0.22621-SP0,3.9.13,2.3.2,8,AMD Ryzen 7 3750H with Radeon Vega Mobile Gfx,1,1 x NVIDIA GeForce GTX 1650,12.1097,43.1479,13.938377380371094,machine,N,1.0
2024-01-02T12:24:09,Train_B_Emission,33cebf93-2827-42d8-a7aa-81a2d51b62f2,3.702959537506104,8.616063541061144e-06,2.3268046690199466e-06,17.5,1.9131953344158463,5.22689151763916,1.7985920111338298e-05,1.964723793999992e-06,5.331677793579955e-06,2.528232169891825e-05,Italy,ITA,,,,Windows-10-10.0.22621-SP0,3.9.13,2.3.2,8,AMD Ryzen 7 3750H with Radeon Vega Mobile Gfx,1,1 x NVIDIA GeForce GTX 1650,12.1097,43.1479,13.938377380371094,machine,N,1.0
2024-01-02T12:30:24,Train_B_Emission,a2dbab5c-d442-4123-af97-0a1ffd7335d6,3.6388676166534415,8.468918587968278e-06,2.327350011088584e-06,17.5,1.9304383701316643,5.22689151763916,1.7661721176571317e-05,1.9466682240000003e-06,5.242161336731215e-06,2.485055073730253e-05,Italy,ITA,,,,Windows-10-10.0.22621-SP0,3.9.13,2.3.2,8,AMD Ryzen 7 3750H with Radeon Vega Mobile Gfx,1,1 x NVIDIA GeForce GTX 1650,12.1097,43.1479,13.938377380371094,machine,N,1.0
2024-01-02T12:33:19,Train_B_Emission,188ded44-e09d-4811-b1e8-808efa28d20a,3.73578405380249,8.712048654330973e-06,2.3320536007597554e-06,17.5,1.9929135553096,5.22689151763916,1.812333448065652e-05,2.061112759999993e-06,5.379525876038542e-06,2.556397311669505e-05,Italy,ITA,,,,Windows-10-10.0.22621-SP0,3.9.13,2.3.2,8,AMD Ryzen 7 3750H with Radeon Vega Mobile Gfx,1,1 x NVIDIA GeForce GTX 1650,12.1097,43.1479,13.938377380371094,machine,N,1.0
2024-01-02T12:35:35,Train_B_Emission,570c7056-4c4b-404e-b7fa-f1868a2fe905,3.796785593032837,8.785127051509522e-06,2.3138328031033336e-06,17.5,1.7756407838211294,5.22689151763916,1.8436309860812296e-05,1.8691681620000027e-06,5.472930785762742e-06,2.577840880857504e-05,Italy,ITA,,,,Windows-10-10.0.22621-SP0,3.9.13,2.3.2,8,AMD Ryzen 7 3750H with Radeon Vega Mobile Gfx,1,1 x NVIDIA GeForce GTX 1650,12.1097,43.1479,13.938377380371094,machine,N,1.0
2024-01-02T12:38:04,Train_B_Emission,c58ad43e-2f7a-47cd-ab58-50ea4ec45586,4.601471424102783,9.67192461435198e-06,2.101919956231796e-06,17.5,0.0028643498553855,5.22689151763916,2.2326648400889505e-05,3.3333359999999954e-09,6.050578408981551e-06,2.838056014587105e-05,Italy,ITA,,,,Windows-10-10.0.22621-SP0,3.9.13,2.3.2,8,AMD Ryzen 7 3750H with Radeon Vega Mobile Gfx,1,1 x NVIDIA GeForce GTX 1650,12.1097,43.1479,13.938377380371094,machine,N,1.0
2024-01-02T12:40:18,Train_B_Emission,1e071618-b985-4862-96f0-ec757edc4ea3,5.787046432495117,1.2229690751107142e-05,2.113287130795362e-06,17.5,0.0288091901314337,5.22689151763916,2.811218334568872e-05,4.2777812e-08,7.730913450159847e-06,3.588587460784856e-05,Italy,ITA,,,,Windows-10-10.0.22621-SP0,3.9.13,2.3.2,8,AMD Ryzen 7 3750H with Radeon Vega Mobile Gfx,1,1 x NVIDIA GeForce GTX 1650,12.1097,43.1479,13.938377380371094,machine,N,1.0
2024-01-02T12:44:09,Train_B_Emission,c9a5a8cd-d185-41f2-8b11-898f3c734667,4.875480175018311,1.0259059438645848e-05,2.104215189144384e-06,17.5,0.0,5.22689151763916,2.36732304096222e-05,0.0,6.430173519572122e-06,3.0103403929194315e-05,Italy,ITA,,,,Windows-10-10.0.22621-SP0,3.9.13,2.3.2,8,AMD Ryzen 7 3750H with Radeon Vega Mobile Gfx,1,1 x NVIDIA GeForce GTX 1650,12.1097,43.1479,13.938377380371094,machine,N,1.0
2024-01-02T12:46:58,Train_B_Emission,be1efe04-c95f-4967-b0b4-0f70f9cd93b8,3.782829523086548,8.711326796310687e-06,2.302860000205032e-06,17.5,1.6600078218450838,5.22689151763916,1.8366761836740702e-05,1.7408347259999997e-06,5.454258388668904e-06,2.556185495140961e-05,Italy,ITA,,,,Windows-10-10.0.22621-SP0,3.9.13,2.3.2,8,AMD Ryzen 7 3750H with Radeon Vega Mobile Gfx,1,1 x NVIDIA GeForce GTX 1650,12.1097,43.1479,13.938377380371094,machine,N,1.0
2024-01-02T12:49:44,Train_B_Emission,f8dff564-5dbe-4d16-803a-5164e0bf0daf,4.450352907180786,9.35199175601901e-06,2.101404529274358e-06,17.5,0.0024724283753871,5.22689151763916,2.160309188895756e-05,2.777780000000002e-09,5.835903824763022e-06,2.744177349372058e-05,Italy,ITA,,,,Windows-10-10.0.22621-SP0,3.9.13,2.3.2,8,AMD Ryzen 7 3750H with Radeon Vega Mobile Gfx,1,1 x NVIDIA GeForce GTX 1650,12.1097,43.1479,13.938377380371094,machine,N,1.0
2024-01-02T12:53:38,Train_B_Emission,4dada334-6995-4fc7-a632-4f66a1225636,4.40753984451294,9.263418499199495e-06,2.101720875134405e-06,17.5,0.0012503633525273,5.22689151763916,2.140839613146252e-05,1.3888900000000047e-09,5.77208584245966e-06,2.718187086392218e-05,Italy,ITA,,,,Windows-10-10.0.22621-SP0,3.9.13,2.3.2,8,AMD Ryzen 7 3750H with Radeon Vega Mobile Gfx,1,1 x NVIDIA GeForce GTX 1650,12.1097,43.1479,13.938377380371094,machine,N,1.0
2024-01-02T13:01:41,Train_B_Emission,5faab26d-8e12-4e66-9dce-a567b1fde65c,4.709531307220459,1.0847370356340784e-05,2.303280230818308e-06,17.5,1.6442514757257796,5.22689151763916,2.2874762117862703e-05,2.148335052e-06,6.806601581702125e-06,3.182969875156483e-05,Italy,ITA,,,,Windows-10-10.0.22621-SP0,3.9.13,2.3.2,8,AMD Ryzen 7 3750H with Radeon Vega Mobile Gfx,1,1 x NVIDIA GeForce GTX 1650,12.1097,43.1479,13.938377380371094,machine,N,1.0
2024-01-02T13:06:12,Train_B_Emission,48b8b8ce-5c7c-4f29-99ad-b0f1808ed4b5,5.1930437088012695,1.0953384344687416e-05,2.109241700801288e-06,17.5,0.0008363983615536,5.22689151763916,2.522936860720317e-05,-1.1111119999999983e-09,6.912520642579239e-06,3.2140778137782406e-05,Italy,ITA,,,,Windows-10-10.0.22621-SP0,3.9.13,2.3.2,8,AMD Ryzen 7 3750H with Radeon Vega Mobile Gfx,1,1 x NVIDIA GeForce GTX 1650,12.1097,43.1479,13.938377380371094,machine,N,1.0
2024-01-02T13:08:33,Train_B_Emission,22d71266-3b08-490b-b164-cc15c3abeac8,5.05468225479126,1.1570091406227032e-05,2.288984910032656e-06,17.5,1.500058551369909,5.22689151763916,2.4556826882892188e-05,2.103057238000001e-06,7.29051232454708e-06,3.3950396445439274e-05,Italy,ITA,,,,Windows-10-10.0.22621-SP0,3.9.13,2.3.2,8,AMD Ryzen 7 3750H with Radeon Vega Mobile Gfx,1,1 x NVIDIA GeForce GTX 1650,12.1097,43.1479,13.938377380371094,machine,N,1.0
2024-01-02T13:13:41,Train_B_Emission,6da28390-1628-47f9-9ee4-dac0e31cebd6,4.076536655426025,9.324093067902252e-06,2.2872584882786542e-06,17.5,1.4935366944314354,5.22689151763916,1.979729102717506e-05,1.6883346839999844e-06,5.874283993521204e-06,2.7359909704696247e-05,Italy,ITA,,,,Windows-10-10.0.22621-SP0,3.9.13,2.3.2,8,AMD Ryzen 7 3750H with Radeon Vega Mobile Gfx,1,1 x NVIDIA GeForce GTX 1650,12.1097,43.1479,13.938377380371094,machine,N,1.0
2024-01-02T13:17:35,Train_B_Emission,a54bc51a-a2fe-4f88-9cdc-042ab7569270,4.475891590118408,9.412743307909216e-06,2.1029873307678134e-06,17.5,0.0009823333721007,5.22689151763916,2.174052827888065e-05,1.111112000000005e-09,5.878398837225518e-06,2.7620038228106173e-05,Italy,ITA,,,,Windows-10-10.0.22621-SP0,3.9.13,2.3.2,8,AMD Ryzen 7 3750H with Radeon Vega Mobile Gfx,1,1 x NVIDIA GeForce GTX 1650,12.1097,43.1479,13.938377380371094,machine,N,1.0
2024-01-02T13:22:11,Train_B_Emission,633d6bf9-cd71-4d70-9bf1-31b2332a5107,4.332042217254639,9.994831018695695e-06,2.3071868918742347e-06,17.5,1.7135315657878851,5.22689151763916,2.103426025973426e-05,2.058057202000006e-06,6.235754683596042e-06,2.932807214533031e-05,Italy,ITA,,,,Windows-10-10.0.22621-SP0,3.9.13,2.3.2,8,AMD Ryzen 7 3750H with Radeon Vega Mobile Gfx,1,1 x NVIDIA GeForce GTX 1650,12.1097,43.1479,13.938377380371094,machine,N,1.0
2024-01-02T13:26:41,Train_B_Emission,af66149a-4981-486e-84ca-c19faf8e1a58,3.669991254806519,8.359715893933978e-06,2.277857170091459e-06,17.5,1.3881138184038666,5.22689151763916,1.7825649513138666e-05,1.4127789079999945e-06,5.291686234442068e-06,2.453011465558073e-05,Italy,ITA,,,,Windows-10-10.0.22621-SP0,3.9.13,2.3.2,8,AMD Ryzen 7 3750H with Radeon Vega Mobile Gfx,1,1 x NVIDIA GeForce GTX 1650,12.1097,43.1479,13.938377380371094,machine,N,1.0
2024-01-02T13:30:48,Train_B_Emission,5940f064-3b92-4fcf-b24b-13dd6b90aa7b,3.704590559005737,8.406462663057792e-06,2.2692015565990034e-06,17.5,1.3700765635406482,5.22689151763916,1.7947203252050613e-05,1.4027789000000106e-06,5.317302668274238e-06,2.4667284820324863e-05,Italy,ITA,,,,Windows-10-10.0.22621-SP0,3.9.13,2.3.2,8,AMD Ryzen 7 3750H with Radeon Vega Mobile Gfx,1,1 x NVIDIA GeForce GTX 1650,12.1097,43.1479,13.938377380371094,machine,N,1.0
2024-01-02T13:35:01,Train_B_Emission,c6aa6213-8769-4bdd-8af4-6688554c5adb,4.32859992980957,9.97092268410319e-06,2.303498324120207e-06,17.5,1.650947160430159,5.22689151763916,2.1032017634974587e-05,1.982779364e-06,6.243120347290869e-06,2.9257917346265456e-05,Italy,ITA,,,,Windows-10-10.0.22621-SP0,3.9.13,2.3.2,8,AMD Ryzen 7 3750H with Radeon Vega Mobile Gfx,1,1 x NVIDIA GeForce GTX 1650,12.1097,43.1479,13.938377380371094,machine,N,1.0
2024-01-02T13:40:04,Train_B_Emission,f13e88d6-727a-44d0-bcc6-bf88da174bef,3.8770711421966553,8.989776944502134e-06,2.3187031175829142e-06,17.5,1.8497879752763409,5.22689151763916,1.8814730478657617e-05,1.987223812e-06,5.576963602562727e-06,2.6378917893220345e-05,Italy,ITA,,,,Windows-10-10.0.22621-SP0,3.9.13,2.3.2,8,AMD Ryzen 7 3750H with Radeon Vega Mobile Gfx,1,1 x NVIDIA GeForce GTX 1650,12.1097,43.1479,13.938377380371094,machine,N,1.0
2024-01-02T13:44:48,Train_B_Emission,011987da-2c08-493f-89d1-fadb89a8b426,3.890191555023194,-4.7452005592030784e-05,-1.219785836272216e-05,17.5,169.6361094976961,5.22689151763916,1.889594478739633e-05,-0.000163137352732,5.001850933533091e-06,-0.000139239557011,Italy,ITA,,,,Windows-10-10.0.22621-SP0,3.9.13,2.3.2,8,AMD Ryzen 7 3750H with Radeon Vega Mobile Gfx,1,1 x NVIDIA GeForce GTX 1650,12.1097,43.1479,13.938377380371094,machine,N,1.0
2024-01-02T13:51:00,Train_B_Emission,f6ecfd84-770d-4d17-95a0-54b2401b498b,3.231560230255127,7.343404968352341e-06,2.272402321207113e-06,17.5,1.367978268684048,5.22689151763916,1.5679746203952368e-05,1.2241676460000015e-06,4.644015304763798e-06,2.154792915471617e-05,Italy,ITA,,,,Windows-10-10.0.22621-SP0,3.9.13,2.3.2,8,AMD Ryzen 7 3750H with Radeon Vega Mobile Gfx,1,1 x NVIDIA GeForce GTX 1650,12.1097,43.1479,13.938377380371094,machine,N,1.0
2024-01-02T13:57:14,Train_B_Emission,6df341b1-700d-4141-a683-f6c3eac093a1,3.2559385299682617,7.402188039656869e-06,2.273442195399501e-06,17.5,1.398115608614712,5.22689151763916,1.578377617730035e-05,1.259445451999996e-06,4.677196100051901e-06,2.1720417729352247e-05,Italy,ITA,,,,Windows-10-10.0.22621-SP0,3.9.13,2.3.2,8,AMD Ryzen 7 3750H with Radeon Vega Mobile Gfx,1,1 x NVIDIA GeForce GTX 1650,12.1097,43.1479,13.938377380371094,machine,N,1.0
2024-01-02T14:03:03,Train_B_Emission,61ec7793-8c86-4eb7-b872-0d5b24faddf8,3.277625560760498,7.426700513709324e-06,2.2658782634054537e-06,17.5,1.2747519518632284,5.22689151763916,1.591347522205777e-05,1.1577787039999932e-06,4.72109134325251e-06,2.179234526931027e-05,Italy,ITA,,,,Windows-10-10.0.22621-SP0,3.9.13,2.3.2,8,AMD Ryzen 7 3750H with Radeon Vega Mobile Gfx,1,1 x NVIDIA GeForce GTX 1650,12.1097,43.1479,13.938377380371094,machine,N,1.0
2024-01-02T14:13:00,Train_B_Emission,18469b5f-1439-4c6d-bfa2-b0f18fdda51c,3.3637256622314453,7.679494750474124e-06,2.2830324234526493e-06,17.5,1.4593071298688007,5.22689151763916,1.6327091720369128e-05,1.3602788660000014e-06,4.846754869108736e-06,2.2534125455477863e-05,Italy,ITA,,,,Windows-10-10.0.22621-SP0,3.9.13,2.3.2,8,AMD Ryzen 7 3750H with Radeon Vega Mobile Gfx,1,1 x NVIDIA GeForce GTX 1650,12.1097,43.1479,13.938377380371094,machine,N,1.0
2024-01-02T14:21:55,Train_B_Emission,6a81637d-d884-44dd-b257-e2411ce9ee96,3.202082395553589,7.302874359398461e-06,2.2806640983190286e-06,17.5,1.4340804912477303,5.22689151763916,1.554623643557231e-05,1.2727787959999903e-06,4.60998398613242e-06,2.142899921770472e-05,Italy,ITA,,,,Windows-10-10.0.22621-SP0,3.9.13,2.3.2,8,AMD Ryzen 7 3750H with Radeon Vega Mobile Gfx,1,1 x NVIDIA GeForce GTX 1650,12.1097,43.1479,13.938377380371094,machine,N,1.0
2024-01-02T15:13:42,Train_B_Emission,54f05c8a-00ec-48f6-897e-c1819609ca2b,3.392897605895996,7.69056085566793e-06,2.2666645884932346e-06,17.5,1.3188584474202032,5.22689151763916,1.6459197964933183e-05,1.2363898780000011e-06,4.871009150170948e-06,2.256659699310413e-05,Italy,ITA,,,,Windows-10-10.0.22621-SP0,3.9.13,2.3.2,8,AMD Ryzen 7 3750H with Radeon Vega Mobile Gfx,1,1 x NVIDIA GeForce GTX 1650,12.1097,43.1479,13.938377380371094,machine,N,1.0
2024-01-02T15:19:54,Train_B_Emission,b6eaaedc-ed42-4079-88b5-8f859dc4ecd0,3.2057509422302246,7.299728501887851e-06,2.277072871047639e-06,17.5,1.3840564141361598,5.22689151763916,1.5568903750843473e-05,1.2305565399999983e-06,4.620307961789649e-06,2.141976825263312e-05,Italy,ITA,,,,Windows-10-10.0.22621-SP0,3.9.13,2.3.2,8,AMD Ryzen 7 3750H with Radeon Vega Mobile Gfx,1,1 x NVIDIA GeForce GTX 1650,12.1097,43.1479,13.938377380371094,machine,N,1.0
2024-01-02T15:26:23,Train_B_Emission,e6a27b8d-b32c-40b8-b236-00fa6c4ae278,3.457098484039306,7.865633181494797e-06,2.275212354466835e-06,17.5,1.373745233928337,5.22689151763916,1.6787388424078624e-05,1.3166677200000045e-06,4.976259769625244e-06,2.308031591370387e-05,Italy,ITA,,,,Windows-10-10.0.22621-SP0,3.9.13,2.3.2,8,AMD Ryzen 7 3750H with Radeon Vega Mobile Gfx,1,1 x NVIDIA GeForce GTX 1650,12.1097,43.1479,13.938377380371094,machine,N,1.0
2024-01-02T15:35:20,Train_B_Emission,de531cbd-b83a-4770-bee9-31c4fab6d295,3.1102516651153564,7.151485555695438e-06,2.2993269759828893e-06,17.5,1.6378115383717904,5.22689151763916,1.509495195415285e-05,1.411112240000013e-06,4.478711229403416e-06,2.098477542355628e-05,Italy,ITA,,,,Windows-10-10.0.22621-SP0,3.9.13,2.3.2,8,AMD Ryzen 7 3750H with Radeon Vega Mobile Gfx,1,1 x NVIDIA GeForce GTX 1650,12.1097,43.1479,13.938377380371094,machine,N,1.0
2024-01-02T15:51:35,Train_B_Emission,d2242b2e-3706-43b9-811a-78e939357763,3.0958175659179688,7.045530656663571e-06,2.2758223011033395e-06,17.5,1.3896605312670909,5.22689151763916,1.502477808131112e-05,1.1919453980000069e-06,4.457145945219736e-06,2.0673869424530864e-05,Italy,ITA,,,,Windows-10-10.0.22621-SP0,3.9.13,2.3.2,8,AMD Ryzen 7 3750H with Radeon Vega Mobile Gfx,1,1 x NVIDIA GeForce GTX 1650,12.1097,43.1479,13.938377380371094,machine,N,1.0
2024-01-02T15:57:28,Train_B_Emission,529f257d-c6f9-43a0-8425-3073e25a18dc,3.669949531555176,8.349425099816809e-06,2.275078997143228e-06,17.5,1.415454356799726,5.22689151763916,1.7791424857245555e-05,1.4366678159999867e-06,5.271825458578405e-06,2.4499918131823942e-05,Italy,ITA,,,,Windows-10-10.0.22621-SP0,3.9.13,2.3.2,8,AMD Ryzen 7 3750H with Radeon Vega Mobile Gfx,1,1 x NVIDIA GeForce GTX 1650,12.1097,43.1479,13.938377380371094,machine,N,1.0
2024-01-02T16:07:10,Train_B_Emission,8b5cd22e-dbcf-4da4-bdf4-0cb1b1d5f806,3.206548929214477,7.266757089933644e-06,2.266223672349766e-06,17.5,1.2633706067501247,5.22689151763916,1.5577664474646252e-05,1.1238897879999968e-06,4.621465185858255e-06,2.1323019448504506e-05,Italy,ITA,,,,Windows-10-10.0.22621-SP0,3.9.13,2.3.2,8,AMD Ryzen 7 3750H with Radeon Vega Mobile Gfx,1,1 x NVIDIA GeForce GTX 1650,12.1097,43.1479,13.938377380371094,machine,N,1.0
2024-01-02T17:49:16,Train_B_Emission,2e83f5af-af42-43fc-9f75-15f760935396,4.194157838821411,9.926051934617612e-06,2.3666376698419403e-06,17.5,2.3296654920797897,5.22689151763916,2.037368151876662e-05,2.710279946000036e-06,6.042290566130645e-06,2.91262520308973e-05,Italy,ITA,,,,Windows-10-10.0.22621-SP0,3.9.13,2.3.2,8,AMD Ryzen 7 3750H with Radeon Vega Mobile Gfx,1,1 x NVIDIA GeForce GTX 1650,12.1097,43.1479,13.938377380371094,machine,N,1.0
2024-01-03T19:19:26,Train_B_Emission,14d6e071-6411-4d81-8d01-ea4c3b13a475,3.953444004058838,9.129877352709414e-06,2.3093478352889645e-06,17.5,1.703120807155774,5.22689151763916,1.9213143487771355e-05,1.8688903840000128e-06,5.707984006211859e-06,2.6790017877983225e-05,Italy,ITA,,,,Windows-10-10.0.22621-SP0,3.9.13,2.3.2,8,AMD Ryzen 7 3750H with Radeon Vega Mobile Gfx,1,1 x NVIDIA GeForce GTX 1650,12.1097,43.1479,13.938377380371094,machine,N,1.0
2024-01-04T12:30:23,Train_B_Emission,ec0b8e8b-92f6-49b9-b1b7-49dbb5dd8d5a,4.29158616065979,9.019410758087162e-06,2.101649697905754e-06,17.5,0.0007713403902351,5.22689151763916,2.084721608294381e-05,8.333340000000055e-10,5.617823685537928e-06,2.6465873102481743e-05,Italy,ITA,,,,Windows-10-10.0.22621-SP0,3.9.13,2.3.2,8,AMD Ryzen 7 3750H with Radeon Vega Mobile Gfx,1,1 x NVIDIA GeForce GTX 1650,12.1097,43.1479,13.938377380371094,machine,N,1.0
2024-01-04T12:35:02,Train_B_Emission,c7acb5b7-fcd4-470a-8bb9-a16727d7056e,3.7366786003112793,8.628896691655778e-06,2.309242408736186e-06,17.5,1.7309835027909268,5.22689151763916,1.814497146341536e-05,1.793334767999984e-06,5.381672088789173e-06,2.5319978320204517e-05,Italy,ITA,,,,Windows-10-10.0.22621-SP0,3.9.13,2.3.2,8,AMD Ryzen 7 3750H with Radeon Vega Mobile Gfx,1,1 x NVIDIA GeForce GTX 1650,12.1097,43.1479,13.938377380371094,machine,N,1.0
